                  epoch,         train/box_loss,         train/cls_loss,         train/dfl_loss,   metrics/precision(B),      metrics/recall(B),       metrics/mAP50(B),    metrics/mAP50-95(B),           val/box_loss,           val/cls_loss,           val/dfl_loss,                 lr/pg0,                 lr/pg1,                 lr/pg2
                      1,                 1.5152,                 2.6418,                 1.0824,                0.93232,                0.69721,                0.85433,                0.48246,                 1.3314,                 1.7797,                0.95518,             0.00065333,             0.00065333,             0.00065333
                      2,                 1.4079,                  1.418,                0.97708,                 0.9545,                0.90456,                0.95319,                0.63845,                 1.2078,                0.91569,                0.94094,              0.0013069,              0.0013069,              0.0013069
                      3,                 1.3299,                 1.0679,                0.96004,                0.93114,                0.91864,                0.95643,                0.60713,                 1.2001,                0.91102,                0.92152,              0.0019473,              0.0019473,              0.0019473
                      4,                 1.2841,                0.97193,                0.94825,                0.95526,                  0.943,                0.97368,                0.65779,                 1.1125,                0.78119,                0.92514,              0.0019406,              0.0019406,              0.0019406
                      5,                 1.2225,                0.86689,                0.95229,                0.96195,                0.94447,                0.97467,                0.67978,                 1.0571,                0.70999,                0.92111,              0.0019208,              0.0019208,              0.0019208
                      6,                  1.226,                0.82505,                0.93838,                0.93697,                0.94431,                 0.9708,                0.59809,                  1.279,                0.73322,                0.96598,               0.001901,               0.001901,               0.001901
                      7,                  1.195,                0.76961,                0.93994,                0.93924,                0.93712,                0.97765,                0.68458,                 1.0497,                0.66827,                0.91179,              0.0018812,              0.0018812,              0.0018812
                      8,                 1.1538,                0.73145,                0.93037,                0.96658,                0.93925,                0.97806,                0.68242,                   1.06,                0.67747,                0.90255,              0.0018614,              0.0018614,              0.0018614
                      9,                 1.1389,                0.70976,                0.93536,                0.96806,                 0.9332,                0.97393,                0.68145,                 1.0386,                0.62601,                0.90948,              0.0018416,              0.0018416,              0.0018416
                     10,                 1.1416,                0.69851,                0.92951,                0.96874,                0.95541,                0.98293,                0.67121,                 1.0858,                0.61521,                0.91491,              0.0018218,              0.0018218,              0.0018218
                     11,                 1.1436,                0.66043,                0.92299,                0.96012,                0.95247,                0.98155,                0.68413,                 1.0257,                0.58824,                0.90753,               0.001802,               0.001802,               0.001802
                     12,                 1.1337,                0.65491,                0.92019,                0.95796,                0.94153,                0.97915,                0.68586,                  1.043,                0.60267,                0.90535,              0.0017822,              0.0017822,              0.0017822
                     13,                 1.0916,                0.62903,                0.91482,                0.96976,                0.95835,                0.98428,                0.69283,                 1.0007,                0.58809,                0.89837,              0.0017624,              0.0017624,              0.0017624
                     14,                 1.0769,                0.62411,                0.91773,                0.97149,                0.95737,                0.98442,                0.69648,                 1.0469,                0.56925,                0.90936,              0.0017426,              0.0017426,              0.0017426
                     15,                 1.0731,                0.61056,                0.91674,                0.97067,                0.95675,                0.98445,                0.69218,                 1.0513,                0.56473,                0.90777,              0.0017228,              0.0017228,              0.0017228
                     16,                 1.0782,                0.61617,                0.91434,                0.97768,                0.96113,                 0.9856,                0.71404,                0.95687,                0.55597,                0.89148,               0.001703,               0.001703,               0.001703
                     17,                 1.0819,                0.59979,                 0.9158,                0.97179,                0.96208,                0.98495,                0.71411,                0.97101,                0.53065,                0.89422,              0.0016832,              0.0016832,              0.0016832
                     18,                 1.0559,                0.58797,                0.90602,                0.96849,                0.95394,                0.98413,                0.70301,                 1.0088,                0.53342,                0.90008,              0.0016634,              0.0016634,              0.0016634
                     19,                 1.0809,                0.59539,                0.90699,                 0.9791,                0.96227,                0.98904,                0.69935,                0.99304,                0.52637,                0.89307,              0.0016436,              0.0016436,              0.0016436
                     20,                  1.042,                0.57743,                0.90502,                0.98044,                0.96391,                0.98985,                0.72106,                0.96311,                 0.5051,                0.89075,              0.0016238,              0.0016238,              0.0016238
                     21,                 1.0638,                0.58951,                0.92086,                0.97717,                0.96472,                0.98927,                0.71664,                0.95723,                0.52153,                 0.8892,               0.001604,               0.001604,               0.001604
                     22,                 1.0193,                0.57085,                0.90624,                0.97799,                0.96514,                0.99102,                0.72582,                0.93659,                0.50616,                0.88685,              0.0015842,              0.0015842,              0.0015842
                     23,                 1.0164,                0.55236,                0.89999,                0.98785,                0.96391,                0.99016,                0.70574,                0.99452,                 0.5089,                0.89637,              0.0015644,              0.0015644,              0.0015644
                     24,                 1.0276,                0.55365,                0.90289,                0.98078,                0.96309,                0.98613,                0.70193,                 1.0332,                0.50883,                0.90429,              0.0015446,              0.0015446,              0.0015446
                     25,                 1.0321,                0.56963,                0.90083,                0.98388,                0.96673,                 0.9905,                0.71926,                0.94691,                0.49144,                0.88775,              0.0015248,              0.0015248,              0.0015248
                     26,                   1.03,                0.54887,                0.90207,                0.98315,                0.96162,                0.98719,                0.72879,                0.94314,                0.48752,                0.88718,               0.001505,               0.001505,               0.001505
                     27,                 1.0384,                0.55422,                0.90173,                0.98244,                0.95949,                0.98923,                0.70037,                0.98327,                0.53955,                0.89023,              0.0014852,              0.0014852,              0.0014852
                     28,                 1.0404,                0.56145,                 0.9028,                0.97911,                 0.9647,                0.98987,                0.71323,                0.98581,                0.51334,                0.89334,              0.0014654,              0.0014654,              0.0014654
                     29,                0.99748,                0.53556,                0.89378,                0.98225,                0.96734,                0.99137,                 0.7196,                0.98641,                0.48478,                0.89452,              0.0014456,              0.0014456,              0.0014456
                     30,                 1.0159,                 0.5405,                0.89694,                0.98409,                0.96391,                0.99166,                0.74002,                0.90818,                0.49138,                0.87822,              0.0014258,              0.0014258,              0.0014258
                     31,                  1.013,                0.53962,                 0.9038,                0.98296,                0.97014,                0.99218,                0.70921,                 1.0205,                0.49164,                0.89813,               0.001406,               0.001406,               0.001406
                     32,                0.99776,                0.51864,                0.88961,                0.98855,                0.96652,                0.99209,                0.73591,                0.91129,                0.46427,                0.87904,              0.0013862,              0.0013862,              0.0013862
                     33,                0.99806,                0.51338,                0.88736,                0.98499,                0.96946,                 0.9926,                0.73983,                0.90745,                0.46412,                0.87747,              0.0013664,              0.0013664,              0.0013664
                     34,                0.99033,                0.52549,                0.89542,                0.98606,                0.97011,                0.99257,                0.70952,                0.99112,                0.48719,                0.89028,              0.0013466,              0.0013466,              0.0013466
                     35,                0.97254,                0.51668,                0.89107,                 0.9911,                0.96995,                0.99217,                0.73352,                0.93187,                 0.4643,                0.88047,              0.0013268,              0.0013268,              0.0013268
                     36,                0.99904,                0.51487,                0.89078,                0.99037,                0.96979,                 0.9931,                0.74015,                0.91261,                0.45849,                0.87716,               0.001307,               0.001307,               0.001307
                     37,                0.98902,                0.51256,                0.88748,                0.98754,                0.97118,                 0.9932,                0.72458,                0.96403,                0.46035,                0.88789,              0.0012872,              0.0012872,              0.0012872
                     38,                0.97157,                0.49713,                0.88887,                0.98704,                0.96991,                0.99271,                0.74056,                0.91521,                0.45033,                0.87682,              0.0012674,              0.0012674,              0.0012674
                     39,                0.98676,                0.50126,                0.89099,                0.98984,                0.96685,                0.99139,                0.72594,                0.92143,                0.45552,                0.87996,              0.0012476,              0.0012476,              0.0012476
                     40,                 1.0069,                0.50017,                0.89227,                0.98819,                0.97052,                0.99293,                0.71613,                 1.0105,                0.45622,                 0.8968,              0.0012278,              0.0012278,              0.0012278
                     41,                 1.0185,                0.49962,                0.89513,                0.98902,                0.97116,                0.99287,                 0.7309,                0.92891,                0.45671,                0.88109,               0.001208,               0.001208,               0.001208
                     42,                 1.0046,                0.49952,                0.88976,                0.98628,                0.97423,                0.99349,                 0.7086,                 1.0178,                0.46861,                0.89768,              0.0011882,              0.0011882,              0.0011882
                     43,                0.98428,                0.48741,                0.88892,                0.98927,                0.97175,                0.99344,                0.74318,                 0.9149,                0.43611,                0.87901,              0.0011684,              0.0011684,              0.0011684
                     44,                 0.9703,                0.48294,                0.89049,                0.98805,                 0.9724,                0.99312,                0.72479,                0.94858,                0.44441,                 0.8845,              0.0011486,              0.0011486,              0.0011486
                     45,                0.97587,                0.48845,                0.89062,                 0.9895,                0.97175,                0.99338,                0.73887,                0.92615,                0.43887,                0.87868,              0.0011288,              0.0011288,              0.0011288
                     46,                0.97814,                0.48327,                0.87998,                0.99032,                0.97567,                0.99373,                0.75076,                0.89792,                0.43535,                0.87463,               0.001109,               0.001109,               0.001109
                     47,                0.96394,                0.47983,                0.87709,                0.99002,                0.97196,                0.99301,                0.73077,                0.93615,                0.43456,                0.88066,              0.0010892,              0.0010892,              0.0010892
                     48,                0.97191,                0.47588,                0.88162,                 0.9894,                0.97322,                0.99312,                0.74585,                0.90581,                0.43157,                0.87593,              0.0010694,              0.0010694,              0.0010694
                     49,                0.95304,                0.47702,                0.88088,                0.98668,                0.97714,                0.99375,                0.74189,                0.91047,                0.43864,                0.87539,              0.0010496,              0.0010496,              0.0010496
                     50,                0.97305,                0.48016,                0.88249,                0.98771,                 0.9755,                0.99361,                0.74179,                0.90607,                0.43254,                0.87438,              0.0010298,              0.0010298,              0.0010298
                     51,                0.97976,                0.47864,                0.88736,                0.98748,                0.97469,                0.99331,                0.72373,                0.96998,                0.44724,                0.88752,                0.00101,                0.00101,                0.00101
                     52,                0.97618,                0.47948,                0.88244,                0.98953,                0.97403,                0.99356,                0.74985,                0.87979,                0.42394,                0.87009,              0.0009902,              0.0009902,              0.0009902
                     53,                 0.9566,                0.47552,                0.88687,                0.99133,                0.97224,                 0.9935,                0.74352,                0.90478,                0.42314,                0.87349,              0.0009704,              0.0009704,              0.0009704
                     54,                0.94643,                0.46434,                0.87848,                0.99095,                0.97354,                0.99363,                0.74165,                 0.9181,                0.42597,                0.87769,              0.0009506,              0.0009506,              0.0009506
                     55,                0.94394,                0.46479,                0.88176,                0.98906,                0.97465,                0.99348,                0.73873,                0.91961,                0.43099,                0.87682,              0.0009308,              0.0009308,              0.0009308
                     56,                0.94263,                 0.4557,                0.88228,                0.98846,                0.97583,                0.99383,                0.74775,                0.89264,                0.42018,                0.87036,               0.000911,               0.000911,               0.000911
                     57,                0.93928,                 0.4609,                0.88075,                0.99055,                0.97582,                0.99346,                0.73829,                0.90829,                0.42548,                0.87343,              0.0008912,              0.0008912,              0.0008912
                     58,                0.95078,                0.46647,                0.88344,                0.99246,                0.97844,                0.99403,                0.74705,                0.89837,                0.41424,                0.87411,              0.0008714,              0.0008714,              0.0008714
                     59,                0.96835,                0.48087,                0.88798,                0.98969,                0.97779,                0.99349,                0.74154,                0.90499,                0.42178,                0.87365,              0.0008516,              0.0008516,              0.0008516
                     60,                0.96373,                0.46715,                0.88588,                0.98801,                0.97387,                0.99331,                0.73044,                0.94818,                0.43111,                0.88728,              0.0008318,              0.0008318,              0.0008318
                     61,                0.96447,                 0.4614,                 0.8842,                0.99064,                0.96769,                0.98886,                0.74927,                0.88778,                0.42165,                0.87213,               0.000812,               0.000812,               0.000812
                     62,                0.96986,                0.46742,                0.88405,                0.98844,                0.97583,                0.99351,                0.73802,                0.91527,                0.42489,                0.87475,              0.0007922,              0.0007922,              0.0007922
                     63,                0.97261,                0.47079,                0.88604,                0.98893,                 0.9755,                0.99356,                0.74347,                0.90865,                0.41786,                0.87722,              0.0007724,              0.0007724,              0.0007724
                     64,                0.95896,                0.46444,                0.88366,                0.98993,                0.97714,                0.99362,                 0.7416,                0.92578,                0.41964,                 0.8778,              0.0007526,              0.0007526,              0.0007526
                     65,                0.95188,                0.45455,                0.87899,                0.99158,                0.97485,                0.99345,                0.74455,                0.89126,                0.40733,                0.87163,              0.0007328,              0.0007328,              0.0007328
                     66,                0.92861,                0.44272,                 0.8822,                0.98973,                0.97563,                0.99369,                0.75299,                 0.8935,                 0.4099,                0.87098,               0.000713,               0.000713,               0.000713
                     67,                0.95238,                0.45465,                0.88144,                0.98841,                0.97746,                0.99367,                0.74605,                0.90909,                0.41325,                0.87329,              0.0006932,              0.0006932,              0.0006932
                     68,                0.94488,                0.45029,                 0.8807,                0.99094,                0.97567,                0.99377,                 0.7426,                0.89904,                0.40903,                0.87358,              0.0006734,              0.0006734,              0.0006734
                     69,                0.93964,                0.44395,                0.88266,                0.99112,                0.97501,                0.99371,                0.74516,                  0.901,                   0.41,                0.87207,              0.0006536,              0.0006536,              0.0006536
                     70,                0.94892,                0.44986,                0.87818,                0.99185,                0.97442,                0.99393,                0.75208,                0.87526,                0.40387,                0.86789,              0.0006338,              0.0006338,              0.0006338
                     71,                0.94682,                 0.4499,                0.88384,                0.99039,                 0.9755,                0.99376,                0.74431,                0.91591,                0.40914,                 0.8752,               0.000614,               0.000614,               0.000614
                     72,                0.91409,                0.44009,                0.87985,                0.99154,                0.97631,                0.99367,                0.74783,                0.89448,                0.40849,                0.87181,              0.0005942,              0.0005942,              0.0005942
                     73,                0.93793,                0.44441,                0.87622,                0.98988,                0.97746,                0.99394,                0.74861,                0.90866,                0.40559,                0.87565,              0.0005744,              0.0005744,              0.0005744
                     74,                0.92888,                0.44311,                0.87293,                0.99105,                0.97658,                0.99384,                0.75334,                0.87595,                0.39974,                0.86712,              0.0005546,              0.0005546,              0.0005546
                     75,                0.91375,                 0.4341,                0.87462,                0.99367,                0.97456,                0.99376,                0.74842,                0.89089,                0.39853,                0.87085,              0.0005348,              0.0005348,              0.0005348
                     76,                0.91289,                0.43238,                0.86966,                0.98992,                0.97813,                0.99384,                0.75325,                0.89214,                0.40139,                0.87087,               0.000515,               0.000515,               0.000515
                     77,                0.91663,                0.43489,                0.87678,                0.99091,                0.97681,                0.99406,                0.75541,                0.87083,                0.39748,                0.86647,              0.0004952,              0.0004952,              0.0004952
                     78,                 0.9267,                0.43615,                0.87167,                 0.9902,                 0.9773,                0.99399,                0.75016,                0.89034,                0.39662,                 0.8701,              0.0004754,              0.0004754,              0.0004754
                     79,                0.90158,                0.42742,                 0.8727,                0.99045,                0.97779,                0.99407,                0.75661,                0.87048,                0.39437,                0.86688,              0.0004556,              0.0004556,              0.0004556
                     80,                0.90557,                0.42871,                0.88079,                0.99008,                0.97781,                0.99395,                0.75245,                0.88887,                0.39516,                0.87061,              0.0004358,              0.0004358,              0.0004358
                     81,                0.92564,                0.43517,                0.87661,                0.99187,                0.97518,                0.99394,                0.75064,                0.89582,                0.40287,                0.87104,               0.000416,               0.000416,               0.000416
                     82,                0.92097,                0.43423,                 0.8768,                0.99173,                0.97452,                0.99389,                0.74727,                0.90328,                 0.4009,                0.87229,              0.0003962,              0.0003962,              0.0003962
                     83,                0.91993,                0.43092,                  0.877,                0.99072,                0.97676,                0.99401,                0.75305,                0.88306,                0.39627,                0.86972,              0.0003764,              0.0003764,              0.0003764
                     84,                0.92931,                0.43337,                0.87702,                0.99056,                0.97727,                0.99407,                0.75293,                0.88277,                0.39207,                0.86906,              0.0003566,              0.0003566,              0.0003566
                     85,                0.92124,                0.42729,                0.87204,                0.99118,                0.97599,                0.99373,                0.75211,                0.88645,                0.39185,                0.86945,              0.0003368,              0.0003368,              0.0003368
                     86,                0.92022,                0.42853,                0.87377,                0.99188,                0.97632,                0.99387,                0.75831,                0.86292,                0.38768,                0.86509,               0.000317,               0.000317,               0.000317
                     87,                0.91641,                0.42603,                0.87393,                0.99254,                0.97727,                0.99399,                 0.7534,                0.88693,                0.39181,                0.86975,              0.0002972,              0.0002972,              0.0002972
                     88,                0.88204,                0.41394,                 0.8731,                0.99112,                0.97893,                0.99408,                0.75248,                0.87987,                0.38825,                0.86859,              0.0002774,              0.0002774,              0.0002774
                     89,                 0.9129,                0.42219,                0.87278,                0.99144,                0.97697,                0.99412,                0.75122,                0.88265,                 0.3884,                0.87005,              0.0002576,              0.0002576,              0.0002576
                     90,                0.89677,                0.41684,                0.86632,                0.99091,                 0.9794,                0.99413,                0.75148,                0.88569,                0.38635,                0.86944,              0.0002378,              0.0002378,              0.0002378
                     91,                0.90215,                0.43492,                0.87671,                0.99006,                0.97634,                 0.9939,                0.76084,                 0.8482,                0.38932,                0.86446,               0.000218,               0.000218,               0.000218
                     92,                  0.893,                0.42276,                0.87641,                0.99088,                0.97557,                0.99393,                0.76604,                0.84108,                0.38586,                0.86253,              0.0001982,              0.0001982,              0.0001982
                     93,                0.88224,                 0.4185,                0.87357,                0.99181,                0.97697,                0.99399,                0.76127,                0.84773,                0.38547,                0.86251,              0.0001784,              0.0001784,              0.0001784
                     94,                0.88981,                0.42063,                0.87199,                0.99064,                0.97583,                0.99397,                0.76357,                0.83931,                0.38444,                0.86211,              0.0001586,              0.0001586,              0.0001586
                     95,                0.88594,                 0.4164,                0.87056,                0.98992,                0.97886,                0.99399,                0.76503,                0.83628,                0.38334,                0.86016,              0.0001388,              0.0001388,              0.0001388
                     96,                0.88147,                0.41149,                0.87116,                0.99212,                0.97697,                0.99405,                0.76349,                0.84092,                0.38001,                0.86077,               0.000119,               0.000119,               0.000119
                     97,                0.86975,                0.40343,                 0.8701,                0.99248,                0.97828,                0.99415,                0.76791,                0.83458,                0.37822,                 0.8604,               9.92e-05,               9.92e-05,               9.92e-05
                     98,                0.86339,                0.40468,                0.87116,                0.99183,                 0.9791,                0.99421,                0.76766,                0.83129,                0.37785,                0.86044,               7.94e-05,               7.94e-05,               7.94e-05
                     99,                0.87054,                0.40525,                0.87094,                0.99266,                0.97942,                0.99424,                0.76653,                0.83071,                0.37779,                0.85928,               5.96e-05,               5.96e-05,               5.96e-05
                    100,                0.87163,                0.40841,                0.87098,                0.99189,                0.97932,                0.99425,                0.76644,                0.83474,                0.37795,                0.85992,               3.98e-05,               3.98e-05,               3.98e-05
