序号,图片名称,钢筋数量
1,4BC3FA29.jpg,123
2,2723542B.jpg,300
3,A47F943C.jpg,54
4,BB4402AE.jpg,300
5,2338148B.jpg,283
6,60639D0F.jpg,156
7,881B376F.jpg,47
8,88C4F6E4.jpg,94
9,99E783B2.jpg,73
10,DCCA8144.jpg,167
11,EFE77AB2.jpg,119
12,840B846E.jpg,115
13,8777E599.jpg,300
14,EB8ECF1A.jpg,67
15,AD351F54.jpg,186
16,2C1FC077.jpg,118
17,AFD1AE2E.jpg,47
18,7B5B8E84.jpg,93
19,CC61344D.jpg,46
20,2E197EF1.jpg,111
21,A48928D0.jpg,141
22,469EB470.jpg,62
23,554F4CE0.jpg,46
24,94DD9B86.jpg,46
25,4976E3AB.jpg,113
26,FAC06BA2.jpg,125
27,D0D2EED9.jpg,187
28,2FDC9E0E.jpg,67
29,A6EE237B.jpg,90
30,EDB2FA69.jpg,300
31,09B27635.jpg,167
32,B905D0AB.jpg,62
33,BF5A2B05.jpg,115
34,9D46BC0C.jpg,81
35,A49FFA35.jpg,80
36,0C7CB7B9.jpg,110
37,EAAB35B1.jpg,61
38,4718DA7F.jpg,48
39,7E0BEC70.jpg,74
40,982B1C73.jpg,113
41,CCB5DBEF.jpg,81
42,41CF3100.jpg,192
43,C7915946.jpg,140
44,67B4B0A2.jpg,293
45,D8146090.jpg,98
46,7421D3CD.jpg,63
47,9CC98D4D.jpg,94
48,BD968624.jpg,193
49,36A7E5D4.jpg,62
50,F5129F56.jpg,62
